{"cameraMode":{"drawMode":2,"name":"Shaded Wireframe","section":"Shading Mode"},"sceneLighting":false,"audioPlay":false,"sceneViewState":{"showFog":false,"showMaterialUpdate":false,"showSkybox":false,"showFlares":false,"showImageEffects":false,"showParticleSystems":false},"in2DMode":false,"pivot":{"x":-0.012499988079071045,"y":1.0370999574661255,"z":-0.023000000044703485},"rotation":{"x":0.06944567710161209,"y":-0.8601767420768738,"z":0.12183234095573425,"w":0.4903368651866913},"size":10.256239891052246,"orthographic":true}